	_id	submitter	classtype
0	878bfe0874851cc7	flaneuse	niaid::niaid:Dataset
1	66c0ab81b12cff8c	flaneuse	niaid::niaid:Dataset
2	b1049acc7de49279	flaneuse	niaid::niaid:Dataset
3	6cbc404ca1290cb3	flaneuse	niaid::niaid:Dataset
4	ac6ca8270a2fe97c	flaneuse	niaid::niaid:Dataset
5	b254ed0f5d46c066	flaneuse	niaid::niaid:Dataset
6	86a5402b818ab7df	flaneuse	niaid::niaid:Dataset
7	1e978b150eb3e225	flaneuse	niaid::niaid:Dataset
8	fa9ffe2f56bc5aae	flaneuse	niaid::niaid:Dataset
9	7b5697cba053e2a9	flaneuse	niaid::niaid:Dataset
10	db4a7c7f3f3e9a73	flaneuse	niaid::niaid:Dataset
11	f3b658f7a3b33bab	flaneuse	niaid::niaid:Dataset
12	82a256e80ed07685	flaneuse	niaid::niaid:Dataset
13	817cd7c7560a2819	flaneuse	niaid::niaid:Dataset
14	8a035090d274bf48	flaneuse	niaid::niaid:Dataset
15	912274c2f61b9ed1	flaneuse	niaid::niaid:Dataset
16	c0d0ee2f2d71b44e	flaneuse	niaid::niaid:Dataset
17	3e18312eda80a9da	flaneuse	niaid::niaid:Dataset
18	1058e9acef861126	flaneuse	niaid::niaid:Dataset
19	f1218adcc587bf5f	flaneuse	niaid::niaid:Dataset
20	d01e81bdbf83242c	flaneuse	niaid::niaid:Dataset
21	f88019d0d85a155b	flaneuse	niaid::niaid:Dataset
22	e3e580ebd0a0b301	flaneuse	niaid::niaid:Dataset
23	1b82d885b8e0d041	flaneuse	niaid::niaid:Dataset
24	c9bf2d83c23e00db	flaneuse	niaid::niaid:Dataset
25	5483e440cdddb7c8	flaneuse	niaid::niaid:Dataset
26	bdc9fc7ef8d55279	flaneuse	niaid::niaid:Dataset
27	eb3f451cff249fc4	flaneuse	niaid::niaid:Dataset
28	bd813a34e9c9140d	flaneuse	niaid::niaid:Dataset
29	f274047d9951cada	flaneuse	niaid::niaid:Dataset
30	49d5845fb678ca8e	flaneuse	niaid::niaid:Dataset
31	0c1427f1e8684aea	flaneuse	niaid::niaid:Dataset
32	b34bdad184eb7441	flaneuse	niaid::niaid:Dataset
33	70f59e5f54409ca0	flaneuse	niaid::niaid:Dataset
34	1d0fe2227a211e88	flaneuse	niaid::niaid:Dataset
35	080de1604f9f92e0	flaneuse	niaid::niaid:Dataset
36	5e05907318982f1d	flaneuse	niaid::niaid:Dataset
37	f87061ab4df458fb	flaneuse	niaid::niaid:Dataset
38	17a9e14e75998bab	flaneuse	niaid::niaid:Dataset
39	3d2bdb208a22a03e	flaneuse	niaid::niaid:Dataset
40	c527782f33fb0fad	flaneuse	niaid::niaid:Dataset
41	b97a39fe1610a401	flaneuse	niaid::niaid:Dataset
42	15f78f44f6c7fe7c	flaneuse	niaid::niaid:Dataset
43	e41dfcb28d0eb6a5	flaneuse	niaid::niaid:Dataset
44	0f2a8fc498f4ab28	flaneuse	niaid::niaid:Dataset
45	d5f061005273f33e	flaneuse	niaid::niaid:Dataset
46	4da5b1400decbbf5	flaneuse	niaid::niaid:Dataset
47	87ea6ceaf280c0d6	flaneuse	niaid::niaid:Dataset
48	4c48497515da3555	flaneuse	niaid::niaid:Dataset
49	b25ade481e6ca029	flaneuse	niaid::niaid:Dataset
50	0101e7fb8f7fbf97	flaneuse	niaid::niaid:Dataset
51	2581f4c6de8e387f	flaneuse	niaid::niaid:Dataset
52	046fd968814fd76f	flaneuse	niaid::niaid:Dataset
53	d4667a4d9178fd8e	flaneuse	niaid::niaid:Dataset
54	2287406f2af19b8d	flaneuse	niaid::niaid:Dataset
55	67bb1cfa4f251a8a	flaneuse	niaid::niaid:Dataset
56	f9c2938b231034d3	flaneuse	niaid::niaid:Dataset
57	9375897e45d49e25	flaneuse	niaid::niaid:Dataset
58	0565c31a11705723	flaneuse	niaid::niaid:Dataset
59	de9956a5a472ef62	flaneuse	niaid::niaid:Dataset
60	fea35dfa911a81f9	flaneuse	niaid::niaid:Dataset
61	59ba57e13cd71738	flaneuse	niaid::niaid:Dataset
62	9dec4f5347000e81	flaneuse	niaid::niaid:Dataset
63	f341e9359abd193f	flaneuse	niaid::niaid:Dataset
64	2948be3de4a268d2	flaneuse	niaid::niaid:Dataset
65	05f214ce9a5dcc15	flaneuse	niaid::niaid:Dataset
66	ff25419f7a9668ad	flaneuse	niaid::niaid:Dataset
67	1e1529500ccdf414	flaneuse	niaid::niaid:Dataset
68	2493710047b6c375	flaneuse	niaid::niaid:Dataset
69	c4821bb8ec9f3243	flaneuse	niaid::niaid:Dataset
70	b30a6e68d8c34610	flaneuse	niaid::niaid:Dataset
71	98292a24795b6106	flaneuse	niaid::niaid:Dataset
72	ddcbfdc4165e86c7	flaneuse	niaid::niaid:Dataset
73	e24d635b2dc762b6	flaneuse	niaid::niaid:Dataset
74	688aa9a7f4c82c67	flaneuse	niaid::niaid:Dataset
75	c62e40f82c4d1b04	flaneuse	niaid::niaid:Dataset
76	7a387825931ceb18	flaneuse	niaid::niaid:Dataset
77	52baf474c93a9c6e	flaneuse	niaid::niaid:Dataset
78	1261dea33bcf3c86	flaneuse	niaid::niaid:Dataset
79	2b81021376b72f0b	flaneuse	niaid::niaid:Dataset
80	8d0c089524c32e6f	flaneuse	niaid::niaid:Dataset
81	137111046d4f31f8	flaneuse	niaid::niaid:Dataset
82	756e3c9b8114b243	flaneuse	niaid::niaid:Dataset
83	dc386eb3a37ba7a2	flaneuse	niaid::niaid:Dataset
84	8e02092395d97cf1	flaneuse	niaid::niaid:Dataset
85	51d62145e328627a	flaneuse	niaid::niaid:Dataset
86	397bf5475339ea3a	flaneuse	niaid::niaid:Dataset
87	24445f311288fc34	flaneuse	niaid::niaid:Dataset
88	89381c86bdb389bf	flaneuse	niaid::niaid:Dataset
89	0cce605bc04fd050	flaneuse	niaid::niaid:Dataset
90	e99da08654732a35	flaneuse	niaid::niaid:Dataset
91	f5fc793b695bd1e1	flaneuse	niaid::niaid:Dataset
92	f69a7658f7cdf84e	flaneuse	niaid::niaid:Dataset
93	3d8394be18ac2066	flaneuse	niaid::niaid:Dataset
94	3dbfc64e0e6e0dd7	flaneuse	niaid::niaid:Dataset
95	dff976e4287f1e32	flaneuse	niaid::niaid:Dataset
96	e80a97cad312d4b5	flaneuse	niaid::niaid:Dataset
97	e38c7234e91fba95	flaneuse	niaid::niaid:Dataset
98	695d021c2f1871a8	flaneuse	niaid::niaid:Dataset
99	9a0b94ec6b3cb841	flaneuse	niaid::niaid:Dataset
100	2db1d9ab8744615f	flaneuse	niaid::niaid:Dataset
101	20d9ebac123e9d4d	flaneuse	niaid::niaid:Dataset
102	cecd9e9ea0d6a66e	flaneuse	niaid::niaid:Dataset
103	dfeb3738df3952ba	flaneuse	niaid::niaid:Dataset
104	49885a65bb86fddd	flaneuse	niaid::niaid:Dataset
105	da51e1e4a852e31b	flaneuse	niaid::niaid:Dataset
106	968005dab0e37928	flaneuse	niaid::niaid:Dataset
107	208dfab1d9a151de	flaneuse	niaid::niaid:Dataset
108	2f0ab5324160b3d6	flaneuse	niaid::niaid:Dataset
109	e9a83ca6eed0f6e1	flaneuse	niaid::niaid:Dataset
110	5a3ffacf5c48e713	flaneuse	niaid::niaid:Dataset
111	6d848ffbbf4f80f3	flaneuse	niaid::niaid:Dataset
112	3431ff3d42ddaec5	flaneuse	niaid::niaid:Dataset
113	ffd65a9cfd1abaf3	flaneuse	niaid::niaid:Dataset
114	0cc41549fff2bbc1	flaneuse	niaid::niaid:Dataset
115	9e400175601f51dc	flaneuse	niaid::niaid:Dataset
116	0ad26b6e93802474	flaneuse	niaid::niaid:Dataset
117	94ce011db68d8ca9	flaneuse	niaid::niaid:Dataset
118	f16e54a9568f2437	flaneuse	niaid::niaid:Dataset
119	913febf6718d0023	flaneuse	niaid::niaid:Dataset
120	754b54400af3d34e	flaneuse	niaid::niaid:Dataset
121	928e50eb619314c7	flaneuse	niaid::niaid:Dataset
122	390dc1e1b84e8a9a	flaneuse	niaid::niaid:Dataset
123	3431aa0f55bced08	flaneuse	niaid::niaid:Dataset
124	bc6759b7d16ed62e	flaneuse	niaid::niaid:Dataset
125	0af67d606087b453	flaneuse	niaid::niaid:Dataset
126	4d9350ca40032db3	flaneuse	niaid::niaid:Dataset
127	a0f485abda2a882b	flaneuse	niaid::niaid:Dataset
128	6b342718fe0402b9	flaneuse	niaid::niaid:Dataset
129	571856451fad8aad	flaneuse	niaid::niaid:Dataset
130	449fccffc12d8cd5	flaneuse	niaid::niaid:Dataset
131	e73af772c605b3a9	flaneuse	niaid::niaid:Dataset
132	5eb8c23b4a08d080	flaneuse	niaid::niaid:Dataset
133	532a0b8b6e97a99d	flaneuse	niaid::niaid:Dataset
134	aa69600099cd615e	flaneuse	niaid::niaid:Dataset
135	daef532f7463bb19	flaneuse	niaid::niaid:Dataset
136	6dfb737e2c43c1d9	flaneuse	niaid::niaid:Dataset
137	5a22d9f2b997344e	flaneuse	niaid::niaid:Dataset
138	026a2652e9c13d8f	flaneuse	niaid::niaid:Dataset
139	106d9f46ee4a84dc	flaneuse	niaid::niaid:Dataset
140	ae2878cc297b5961	flaneuse	niaid::niaid:Dataset
141	fbd74e6037ceef22	flaneuse	niaid::niaid:Dataset
142	22067908eb3e1ed6	flaneuse	niaid::niaid:Dataset
143	9739d4541180077c	flaneuse	niaid::niaid:Dataset
144	fd8b13d984f150ca	flaneuse	niaid::niaid:Dataset
145	448bc1bccacff7d6	flaneuse	niaid::niaid:Dataset
146	ccd58407d46699dc	flaneuse	niaid::niaid:Dataset
147	3df1ac806b4c53ec	flaneuse	niaid::niaid:Dataset
148	55df0affbb4227fc	flaneuse	niaid::niaid:Dataset
149	19dd2155416830e8	flaneuse	niaid::niaid:Dataset
150	184839c313dedfed	flaneuse	niaid::niaid:Dataset
151	244d8d929fbb2925	flaneuse	niaid::niaid:Dataset
152	c0e3011ec712411b	flaneuse	niaid::niaid:Dataset
153	7d438989cbc43bc7	flaneuse	niaid::niaid:Dataset
154	50f8714cd0407d44	flaneuse	niaid::niaid:Dataset
155	bc544a7ae451913f	flaneuse	niaid::niaid:Dataset
156	dc85a923d1fd7d59	flaneuse	niaid::niaid:Dataset
157	1f35876f6b3e9f90	flaneuse	niaid::niaid:Dataset
158	c34b19473faa5896	flaneuse	niaid::niaid:Dataset
159	897dc290b8b6574a	flaneuse	niaid::niaid:Dataset
160	0e70949636dc1df6	flaneuse	niaid::niaid:Dataset
161	35acfc05c6535fce	flaneuse	niaid::niaid:Dataset
162	f01b720db866e5c5	flaneuse	niaid::niaid:Dataset
163	c35639fc074ae587	flaneuse	niaid::niaid:Dataset
164	81f5fb50e9fefb2c	flaneuse	niaid::niaid:Dataset
165	c2e17416eb571169	flaneuse	niaid::niaid:Dataset
166	bc3b92a26d44a8a4	flaneuse	niaid::niaid:Dataset
167	09cdb8764227af95	flaneuse	niaid::niaid:Dataset
168	578786fcc20030d8	flaneuse	niaid::niaid:Dataset
169	9256f738766a616a	flaneuse	niaid::niaid:Dataset
170	583108d773f7e175	flaneuse	niaid::niaid:Dataset
171	ab48e39e4cf29552	flaneuse	niaid::niaid:Dataset
172	727f74f4e2d7d16f	flaneuse	niaid::niaid:Dataset
173	ddde783f14a29692	flaneuse	niaid::niaid:Dataset
174	101fdcbe2fb51d5b	flaneuse	niaid::niaid:Dataset
175	bf3d02c62caecb34	flaneuse	niaid::niaid:Dataset
176	6a0231d53acfc5e6	flaneuse	niaid::niaid:Dataset
177	eb3586894dd53b1b	flaneuse	niaid::niaid:Dataset
178	60015fdb2a6c24c0	flaneuse	niaid::niaid:Dataset
179	e569e1b959f0225e	flaneuse	niaid::niaid:Dataset
180	e06a03e8338c63e2	flaneuse	niaid::niaid:Dataset
181	4951df19ffbee790	flaneuse	niaid::niaid:Dataset
182	5763df70ff75f27f	flaneuse	niaid::niaid:Dataset
183	15699f9bef74789e	flaneuse	niaid::niaid:Dataset
184	5c7187a9b7b22f62	flaneuse	niaid::niaid:Dataset
185	654a77233958c28c	flaneuse	niaid::niaid:Dataset
186	594f73693dfd09fc	flaneuse	niaid::niaid:Dataset
187	f8b7126fb0a4d01d	flaneuse	niaid::niaid:Dataset
188	252e68f692ac4ad7	flaneuse	niaid::niaid:Dataset
189	a2d6edf79900b7f1	flaneuse	niaid::niaid:Dataset
190	ebb0a0fb63f51b28	flaneuse	niaid::niaid:Dataset
191	524ab0dcc8dfaff4	flaneuse	niaid::niaid:Dataset
192	f600a303cab3ccea	flaneuse	niaid::niaid:Dataset
193	c14820eb0e056852	flaneuse	niaid::niaid:Dataset
194	5b3ecfcd28d169eb	flaneuse	niaid::niaid:Dataset
195	67e19233184c4acf	flaneuse	niaid::niaid:Dataset
196	31b1d76de17d4259	flaneuse	niaid::niaid:Dataset
197	cacb700d47ffb9c2	flaneuse	niaid::niaid:Dataset
198	4ff2ff99550cfaa6	flaneuse	niaid::niaid:Dataset
199	49e2be00cedf88d0	flaneuse	niaid::niaid:Dataset
200	33d8dc64e96b8fa9	flaneuse	niaid::niaid:Dataset
201	f3dee76cdf10d621	flaneuse	niaid::niaid:Dataset
202	f553a6b1de0a46ca	flaneuse	niaid::niaid:Dataset
203	bbc88c502686751a	flaneuse	niaid::niaid:Dataset
204	c72e9f3db5936ba7	flaneuse	niaid::niaid:Dataset
205	f6adafa0c18c8aa3	flaneuse	niaid::niaid:Dataset
206	66bfb8fb013e84ef	flaneuse	niaid::niaid:Dataset
207	c7e9a7f1f22b4ec2	flaneuse	niaid::niaid:Dataset
208	8a4e63452dd330fe	flaneuse	niaid::niaid:Dataset
209	82fed218f02aec99	flaneuse	niaid::niaid:Dataset
210	f3e33b24ff1ca676	flaneuse	niaid::niaid:Dataset
211	117d63cc05742798	flaneuse	niaid::niaid:Dataset
212	8d3e597903b73202	flaneuse	niaid::niaid:Dataset
213	28edde32f8370e63	flaneuse	niaid::niaid:Dataset
214	5fd4786ca289ee2a	flaneuse	niaid::niaid:Dataset
215	396a472c758074ac	flaneuse	niaid::niaid:Dataset
216	3323eac1993feb3d	flaneuse	niaid::niaid:Dataset
217	ba31ae21d3350f49	flaneuse	niaid::niaid:Dataset
218	ca328d296aff9999	flaneuse	niaid::niaid:Dataset
219	b9e189ad36a3cd4d	flaneuse	niaid::niaid:Dataset
220	70a54d7f8a62d034	flaneuse	niaid::niaid:Dataset
221	a929c6242865974e	flaneuse	niaid::niaid:Dataset
222	954c6ca380492d2a	flaneuse	niaid::niaid:Dataset
223	c0c27050e81c773d	flaneuse	niaid::niaid:Dataset
224	0c5951d68b7c6085	flaneuse	niaid::niaid:Dataset
225	fb134d59ae86b594	flaneuse	niaid::niaid:Dataset
226	978200a2bdd5c1eb	flaneuse	niaid::niaid:Dataset
227	78c9bfe681291112	flaneuse	niaid::niaid:Dataset
228	dec938c825993f26	flaneuse	niaid::niaid:Dataset
229	e459b7a72f892fc2	flaneuse	niaid::niaid:Dataset
230	a33ef37c802469f1	flaneuse	niaid::niaid:Dataset
231	a27ac3b51464ef98	flaneuse	niaid::niaid:Dataset
232	2c9b7a4a5b478c5f	flaneuse	niaid::niaid:Dataset
233	b89e88089e81f70c	flaneuse	niaid::niaid:Dataset
234	afd56b720bb29862	flaneuse	niaid::niaid:Dataset
235	4bb9910b04e5c8fd	flaneuse	niaid::niaid:Dataset
236	f817df91b071193f	flaneuse	niaid::niaid:Dataset
237	a7f0b97db56b4346	flaneuse	niaid::niaid:Dataset
238	2ebe35d46cf9ceda	flaneuse	niaid::niaid:Dataset
239	c96174803ccf2974	flaneuse	niaid::niaid:Dataset
240	bc33aef299ea2332	flaneuse	niaid::niaid:Dataset
241	eb1371df0ae8a85f	flaneuse	niaid::niaid:Dataset
242	145239e4ad606459	flaneuse	niaid::niaid:Dataset
243	0dbac63bb332af4b	flaneuse	niaid::niaid:Dataset
244	cddb69d43509a170	flaneuse	niaid::niaid:Dataset
245	6323494906e88e48	flaneuse	niaid::niaid:Dataset
246	c932cc715cba885b	flaneuse	niaid::niaid:Dataset
247	2e6a96023cabbe98	flaneuse	niaid::niaid:Dataset
248	f4fa4aa105f95d34	flaneuse	niaid::niaid:Dataset
249	4f25bedd12f4c98f	flaneuse	niaid::niaid:Dataset
250	990e008d5dd763bc	flaneuse	niaid::niaid:Dataset
251	ea924384a09693ea	flaneuse	niaid::niaid:Dataset
252	0517bdf2ebc8118e	flaneuse	niaid::niaid:Dataset
253	a64949fc136074e9	flaneuse	niaid::niaid:Dataset
254	ef44725e2e3486a9	flaneuse	niaid::niaid:Dataset
255	7feb4282102e9f2d	flaneuse	niaid::niaid:Dataset
256	6f3b6953756a2a50	flaneuse	niaid::niaid:Dataset
257	cd3a6e3fba77bd7e	flaneuse	niaid::niaid:Dataset
258	324e0c3976eff7a7	flaneuse	niaid::niaid:Dataset
259	4fb370c482dcb376	flaneuse	niaid::niaid:Dataset
260	f0485e2e52be15d0	flaneuse	niaid::niaid:Dataset
261	9260d532528f7dc5	flaneuse	niaid::niaid:Dataset
262	64bb54c9887d7e7d	flaneuse	niaid::niaid:Dataset
263	fcf01320845783ef	flaneuse	niaid::niaid:Dataset
264	fc40fc844f81d901	flaneuse	niaid::niaid:Dataset
265	331c8964621af01c	flaneuse	niaid::niaid:Dataset
266	8f7c2532ec08350c	flaneuse	niaid::niaid:Dataset
267	c3f815078dc762b1	flaneuse	niaid::niaid:Dataset
268	a4234c07375889a5	flaneuse	niaid::niaid:Dataset
269	b04f7ad845dcfa26	flaneuse	niaid::niaid:Dataset
270	eb1461df04d96427	flaneuse	niaid::niaid:Dataset
271	35b0d4bbf913e31c	flaneuse	niaid::niaid:Dataset
272	64769e48d2169106	flaneuse	niaid::niaid:Dataset
273	0b8df4158f69c6ae	flaneuse	niaid::niaid:Dataset
274	40b801326365a1c2	flaneuse	niaid::niaid:Dataset
275	ba1a45e0d6c30a1f	flaneuse	niaid::niaid:Dataset
276	e4ee0e24bc70d9ad	flaneuse	niaid::niaid:Dataset
277	ff101d46a656d10d	flaneuse	niaid::niaid:Dataset
278	ef6ccc3d127485ac	flaneuse	niaid::niaid:Dataset
279	b49ae2aa68b73e34	flaneuse	niaid::niaid:Dataset
280	523203d7db75e07e	flaneuse	niaid::niaid:Dataset
281	7c44c911ed001298	flaneuse	niaid::niaid:Dataset
282	8b0d4d4ad599bd3f	flaneuse	niaid::niaid:Dataset
283	e0a4e87ce4b90b09	flaneuse	niaid::niaid:Dataset
284	c255c593738bfe56	flaneuse	niaid::niaid:Dataset
285	a9b8f7f8f5cf3163	flaneuse	niaid::niaid:Dataset
286	255fb017b23cb3fd	flaneuse	niaid::niaid:Dataset
287	ea16b11afdeea1d0	flaneuse	niaid::niaid:Dataset
288	d4a1d546312f96a2	flaneuse	niaid::niaid:Dataset
289	e34b96e198f8447a	flaneuse	niaid::niaid:Dataset
290	df6376080acb6ff3	flaneuse	niaid::niaid:Dataset
291	fe929da62a0e4cd0	flaneuse	niaid::niaid:Dataset
292	01a3d57e683d1471	flaneuse	niaid::niaid:Dataset
293	91647cdd27655d15	flaneuse	niaid::niaid:Dataset
294	a55c5571a5daf0c1	flaneuse	niaid::niaid:Dataset
295	533a59db787472dc	flaneuse	niaid::niaid:Dataset
296	36c3334b2f1ffe6b	flaneuse	niaid::niaid:Dataset
297	0c6dbc5996117836	flaneuse	niaid::niaid:Dataset
298	ad5890da49e3fc3c	flaneuse	niaid::niaid:Dataset
299	b8f81cf5dc52f13b	flaneuse	niaid::niaid:Dataset
300	5a8901bc36fc84b8	flaneuse	niaid::niaid:Dataset
301	487cc97967de37e4	flaneuse	niaid::niaid:Dataset
302	e1074abb738dfc4e	flaneuse	niaid::niaid:Dataset
303	bbdc935d5b82c8f1	flaneuse	niaid::niaid:Dataset
304	48450053e9efa82c	flaneuse	niaid::niaid:Dataset
305	edea660a8233c9db	flaneuse	niaid::niaid:Dataset
306	d5011648c8c56fb1	flaneuse	niaid::niaid:Dataset
307	39941d3b475753c5	flaneuse	niaid::niaid:Dataset
308	e31d87dcc3144078	flaneuse	niaid::niaid:Dataset
